{"cameraMode":{"drawMode":0,"name":"Shaded","section":"Shading Mode"},"sceneLighting":false,"audioPlay":false,"sceneViewState":{"m_AlwaysRefresh":false,"showFog":true,"showSkybox":false,"showFlares":true,"showImageEffects":true,"showParticleSystems":true,"showVisualEffectGraphs":true,"m_FxEnabled":true},"in2DMode":false,"pivot":{"x":-5.165694236755371,"y":0.44878673553466799,"z":9.528566360473633},"rotation":{"x":-0.007134291343390942,"y":0.992292046546936,"z":-0.06888583302497864,"w":-0.10276859253644943},"size":16.127098083496095,"orthographic":false}